,Open,High,Low,Close,Volume,Ticker
2023-01-03,89.58999633789062,91.05000305175781,88.5199966430664,89.12000274658203,28131200,GOOGL
2023-01-04,90.3499984741211,90.6500015258789,87.2699966430664,88.08000183105469,34854800,GOOGL
2023-01-05,87.47000122070312,87.56999969482422,85.9000015258789,86.19999694824219,27194400,GOOGL
2023-01-06,86.79000091552734,87.69000244140625,84.86000061035156,87.33999633789062,41381500,GOOGL
2023-01-09,88.36000061035156,90.05000305175781,87.86000061035156,88.0199966430664,29003900,GOOGL
2023-01-10,85.9800033569336,88.66999816894531,85.83000183105469,88.41999816894531,30467800,GOOGL
2023-01-11,89.18000030517578,91.5999984741211,89.01000213623047,91.5199966430664,26862000,GOOGL
2023-01-12,91.4800033569336,91.87000274658203,89.75,91.12999725341797,30258100,GOOGL
2023-01-13,90.8499984741211,92.19000244140625,90.12999725341797,92.12000274658203,26329200,GOOGL
2023-01-17,92.05999755859375,92.25,90.05000305175781,91.29000091552734,32602400,GOOGL
2023-01-18,92.13999938964844,92.80000305175781,90.63999938964844,91.12000274658203,29116700,GOOGL
2023-01-19,90.72000122070312,93.61000061035156,90.62999725341797,93.05000305175781,37000400,GOOGL
2023-01-20,95.0999984741211,98.30000305175781,95.0199966430664,98.0199966430664,63191100,GOOGL
2023-01-23,97.94999694824219,100.04000091552734,97.5,99.79000091552734,40005100,GOOGL
2023-01-24,98.0999984741211,99.61000061035156,97.19999694824219,97.69999694824219,33078500,GOOGL
2023-01-25,95.56999969482422,96.16000366210938,93.76000213623047,95.22000122070312,42330000,GOOGL
2023-01-26,96.5,97.56999969482422,95.37999725341797,97.5199966430664,30114000,GOOGL
2023-01-27,97.30999755859375,100.31999969482422,97.30999755859375,99.37000274658203,33879800,GOOGL
2023-01-30,97.4800033569336,98.29000091552734,96.4000015258789,96.94000244140625,27226200,GOOGL
2023-01-31,96.87000274658203,98.87999725341797,96.81999969482422,98.83999633789062,29870700,GOOGL
2023-02-01,98.70999908447266,101.19000244140625,97.58000183105469,100.43000030517578,35531100,GOOGL
2023-02-02,105.80000305175781,107.8499984741211,105.61000061035156,107.73999786376953,69883800,GOOGL
2023-02-03,102.93000030517578,107.80999755859375,102.58000183105469,104.77999877929688,65309300,GOOGL
2023-02-06,102.4000015258789,104.36000061035156,101.87999725341797,102.9000015258789,31999600,GOOGL
2023-02-07,103.22000122070312,108.18000030517578,103.12000274658203,107.63999938964844,49010200,GOOGL
2023-02-08,102.05000305175781,103.13999938964844,98.04000091552734,99.37000274658203,94743500,GOOGL
2023-02-09,100.0,100.02999877929688,93.62999725341797,95.01000213623047,119455000,GOOGL
2023-02-10,95.44999694824219,96.75,94.25,94.56999969482422,54980700,GOOGL
2023-02-13,94.73999786376953,95.19999694824219,93.83999633789062,94.61000061035156,50076100,GOOGL
2023-02-14,94.43000030517578,94.8499984741211,92.26000213623047,94.68000030517578,54726100,GOOGL
2023-02-15,94.48999786376953,97.12000274658203,94.1500015258789,96.94000244140625,50169000,GOOGL
2023-02-16,95.37000274658203,97.68000030517578,94.73999786376953,95.51000213623047,42462600,GOOGL
2023-02-17,94.8499984741211,95.55999755859375,93.20999908447266,94.3499984741211,34284100,GOOGL
2023-02-21,93.0,93.0999984741211,91.72000122070312,91.79000091552734,33629300,GOOGL
2023-02-22,91.69999694824219,92.11000061035156,90.61000061035156,91.6500015258789,30884000,GOOGL
2023-02-23,91.91999816894531,91.94000244140625,89.76000213623047,90.88999938964844,41206400,GOOGL
2023-02-24,89.44000244140625,89.88999938964844,88.58000183105469,89.12999725341797,36585100,GOOGL
2023-02-27,89.87000274658203,90.16000366210938,89.33999633789062,89.87000274658203,27502300,GOOGL
2023-02-28,89.33000183105469,91.2300033569336,89.31999969482422,90.05999755859375,30142000,GOOGL
2023-03-01,89.9800033569336,91.02999877929688,89.66999816894531,90.36000061035156,31111200,GOOGL
2023-03-02,89.66000366210938,92.27999877929688,89.58999633789062,92.0,32204400,GOOGL
2023-03-03,92.4800033569336,93.7300033569336,92.44999694824219,93.6500015258789,35160100,GOOGL
2023-03-06,94.0199966430664,95.97000122070312,94.0,95.12999725341797,32639300,GOOGL
2023-03-07,94.9800033569336,95.66999816894531,93.52999877929688,93.86000061035156,27835500,GOOGL
2023-03-08,94.12000274658203,95.95999908447266,94.0,94.25,34103300,GOOGL
2023-03-09,94.05000305175781,95.52999877929688,91.9000015258789,92.31999969482422,28813500,GOOGL
2023-03-10,92.16999816894531,92.79000091552734,90.4000015258789,90.62999725341797,35941000,GOOGL
2023-03-13,90.08999633789062,92.56999969482422,89.41999816894531,91.11000061035156,37335600,GOOGL
2023-03-14,92.55999755859375,94.36000061035156,92.44000244140625,93.97000122070312,36050200,GOOGL
2023-03-15,93.22000122070312,96.93000030517578,92.63999938964844,96.11000061035156,50622100,GOOGL
2023-03-16,96.19999694824219,101.19000244140625,95.5,100.31999969482422,65492000,GOOGL
2023-03-17,100.26000213623047,102.83999633789062,100.0999984741211,101.62000274658203,61028500,GOOGL
2023-03-20,100.12000274658203,101.75,99.87000274658203,101.22000122070312,32960400,GOOGL
2023-03-21,101.25,105.0999984741211,101.22000122070312,104.91999816894531,42110300,GOOGL
2023-03-22,104.2699966430664,106.58999633789062,103.33000183105469,103.37000274658203,43427400,GOOGL
2023-03-23,105.05999755859375,106.30000305175781,104.45999908447266,105.5999984741211,40797800,GOOGL
2023-03-24,104.98999786376953,105.48999786376953,103.83999633789062,105.44000244140625,30393300,GOOGL
2023-03-27,104.62000274658203,104.76000213623047,101.93000030517578,102.45999908447266,31120900,GOOGL
2023-03-28,102.44000244140625,102.44999694824219,99.73999786376953,101.02999877929688,32057900,GOOGL
2023-03-29,102.27999877929688,102.48999786376953,100.6500015258789,101.38999938964844,28779600,GOOGL
2023-03-30,100.91000366210938,101.16000366210938,99.77999877929688,100.88999938964844,33086200,GOOGL
2023-03-31,101.30000305175781,103.88999938964844,101.04000091552734,103.7300033569336,36863400,GOOGL
2023-04-03,102.38999938964844,104.52999877929688,101.93000030517578,104.36000061035156,25035400,GOOGL
2023-04-04,104.33000183105469,105.58000183105469,104.04000091552734,104.72000122070312,24420100,GOOGL
2023-04-05,105.77999877929688,106.0999984741211,103.66000366210938,104.47000122070312,28290500,GOOGL
2023-04-06,105.26000213623047,109.16999816894531,104.33000183105469,108.41999816894531,48711500,GOOGL
2023-04-10,106.9800033569336,107.58999633789062,105.12000274658203,106.44000244140625,27067400,GOOGL
2023-04-11,106.55000305175781,106.7300033569336,104.68000030517578,105.3499984741211,26311800,GOOGL
2023-04-12,106.58000183105469,106.75,104.33999633789062,104.63999938964844,24370300,GOOGL
2023-04-13,105.83999633789062,107.48999786376953,105.83999633789062,107.43000030517578,24843600,GOOGL
2023-04-14,106.88999938964844,108.94000244140625,106.83999633789062,108.87000274658203,26578000,GOOGL
2023-04-17,104.66000366210938,106.16000366210938,104.5199966430664,105.97000122070312,37571200,GOOGL
2023-04-18,106.48999786376953,106.54000091552734,104.06999969482422,104.5,26596400,GOOGL
2023-04-19,103.58000183105469,104.9800033569336,103.06999969482422,104.18000030517578,20905700,GOOGL
2023-04-20,103.91000366210938,106.25,103.87000274658203,105.29000091552734,27820800,GOOGL
2023-04-21,105.47000122070312,106.0,104.77999877929688,105.41000366210938,25800100,GOOGL
2023-04-24,105.48999786376953,106.62999725341797,104.69999694824219,105.97000122070312,23542800,GOOGL
2023-04-25,105.83000183105469,106.69000244140625,103.83999633789062,103.8499984741211,46664100,GOOGL
2023-04-26,104.91999816894531,106.3499984741211,102.62999725341797,103.70999908447266,53347600,GOOGL
2023-04-27,104.44999694824219,108.37000274658203,103.54000091552734,107.58999633789062,50089200,GOOGL
2023-04-28,107.04000091552734,107.3499984741211,105.08999633789062,107.33999633789062,36139800,GOOGL
2023-05-01,106.83999633789062,107.98999786376953,106.81999969482422,107.19999694824219,26681700,GOOGL
2023-05-02,107.13999938964844,107.19999694824219,103.70999908447266,105.31999969482422,30997200,GOOGL
2023-05-03,105.52999877929688,107.48999786376953,104.95999908447266,105.41000366210938,21795400,GOOGL
2023-05-04,105.48999786376953,105.5999984741211,103.97000122070312,104.69000244140625,23419500,GOOGL
2023-05-05,104.81999969482422,105.87999725341797,104.11000061035156,105.56999969482422,26639300,GOOGL
2023-05-08,105.18000030517578,107.95999908447266,105.16000366210938,107.7699966430664,26511400,GOOGL
2023-05-09,108.38999938964844,110.1500015258789,107.19000244140625,107.3499984741211,36360100,GOOGL
2023-05-10,107.97000122070312,112.94000244140625,107.93000030517578,111.75,63153400,GOOGL
2023-05-11,115.4000015258789,117.91999816894531,114.41000366210938,116.56999969482422,78900000,GOOGL
2023-05-12,116.68000030517578,118.02999877929688,116.11000061035156,117.51000213623047,41102300,GOOGL
2023-05-15,116.11000061035156,118.4800033569336,116.01000213623047,116.51000213623047,36266800,GOOGL
2023-05-16,116.48999786376953,120.75,116.43000030517578,119.51000213623047,45035600,GOOGL
2023-05-17,119.61000061035156,121.66999816894531,118.88999938964844,120.83999633789062,33323600,GOOGL
2023-05-18,120.94999694824219,123.30999755859375,120.83000183105469,122.83000183105469,35234200,GOOGL
2023-05-19,123.55000305175781,125.97000122070312,122.1500015258789,122.76000213623047,41353400,GOOGL
2023-05-22,122.94000244140625,126.43000030517578,122.73999786376953,125.05000305175781,35253000,GOOGL
2023-05-23,124.16000366210938,124.62999725341797,122.20999908447266,122.55999755859375,34046300,GOOGL
2023-05-24,121.12000274658203,121.91000366210938,119.86000061035156,120.9000015258789,34182600,GOOGL
2023-05-25,124.5199966430664,125.31999969482422,121.95999908447266,123.4800033569336,42317000,GOOGL
2023-05-26,123.16999816894531,125.26000213623047,122.44999694824219,124.61000061035156,35635900,GOOGL
2023-05-30,125.63999938964844,125.66000366210938,122.0,123.66999816894531,35076700,GOOGL
2023-05-31,122.75,124.05999755859375,122.5,122.87000274658203,37325800,GOOGL
2023-06-01,122.81999969482422,124.41999816894531,122.62000274658203,123.72000122070312,30772700,GOOGL
2023-06-02,123.98999786376953,126.1500015258789,123.76000213623047,124.66999816894531,26980100,GOOGL
2023-06-05,124.01000213623047,127.43000030517578,123.83999633789062,126.01000213623047,32305500,GOOGL
2023-06-06,126.01000213623047,128.2899932861328,125.36000061035156,127.30999755859375,26638300,GOOGL
2023-06-07,126.97000122070312,129.0399932861328,122.12000274658203,122.5,52539000,GOOGL
2023-06-08,122.2300033569336,123.2300033569336,121.23999786376953,122.13999938964844,29389200,GOOGL
2023-06-09,122.25,123.76000213623047,121.91000366210938,122.2300033569336,23778300,GOOGL
2023-06-12,122.79000091552734,124.05000305175781,121.66000366210938,123.63999938964844,28306400,GOOGL
2023-06-13,124.9800033569336,125.16000366210938,123.18000030517578,123.83000183105469,22278300,GOOGL
2023-06-14,123.0999984741211,124.05000305175781,121.44999694824219,123.66999816894531,30592300,GOOGL
2023-06-15,123.13999938964844,125.45999908447266,122.4000015258789,125.08999633789062,35246300,GOOGL
2023-06-16,125.93000030517578,126.11000061035156,123.27999877929688,123.52999877929688,45535600,GOOGL
2023-06-20,122.93000030517578,124.56999969482422,122.13999938964844,123.0999984741211,26097500,GOOGL
2023-06-21,122.4000015258789,122.66000366210938,120.0999984741211,120.55000305175781,30306300,GOOGL
2023-06-22,120.0,123.23999786376953,118.83000183105469,123.1500015258789,26952200,GOOGL
2023-06-23,121.37999725341797,122.79000091552734,121.05999755859375,122.33999633789062,34913600,GOOGL
2023-06-26,120.76000213623047,122.0,118.2699966430664,118.33999633789062,33969900,GOOGL
2023-06-27,117.08000183105469,119.08000183105469,116.0999984741211,118.33000183105469,39535900,GOOGL
2023-06-28,117.08999633789062,120.38999938964844,116.8499984741211,120.18000030517578,27091400,GOOGL
2023-06-29,119.23999786376953,120.05999755859375,118.30000305175781,119.0999984741211,24090900,GOOGL
2023-06-30,120.16999816894531,121.08000183105469,119.69000244140625,119.69999694824219,29532200,GOOGL
2023-07-03,119.23999786376953,120.19000244140625,118.81999969482422,119.9000015258789,14467900,GOOGL
2023-07-05,119.23999786376953,122.61000061035156,119.2300033569336,121.75,27584800,GOOGL
2023-07-06,119.80000305175781,120.30000305175781,118.4000015258789,120.11000061035156,24745200,GOOGL
2023-07-07,120.0999984741211,121.05000305175781,119.4000015258789,119.4800033569336,21709500,GOOGL
2023-07-10,118.30000305175781,118.30999755859375,116.13999938964844,116.44999694824219,35315200,GOOGL
2023-07-11,116.29000091552734,117.70999908447266,115.3499984741211,117.13999938964844,23078800,GOOGL
2023-07-12,118.80000305175781,120.33000183105469,118.41000366210938,118.93000030517578,30404400,GOOGL
2023-07-13,120.93000030517578,124.83000183105469,120.44999694824219,124.54000091552734,44297900,GOOGL
2023-07-14,124.80000305175781,126.77999877929688,123.48999786376953,125.41999816894531,33283100,GOOGL
2023-07-17,125.94000244140625,127.0999984741211,124.19999694824219,124.6500015258789,25716200,GOOGL
2023-07-18,124.5999984741211,124.68000030517578,122.95999908447266,123.76000213623047,26193600,GOOGL
2023-07-19,124.5999984741211,125.18000030517578,121.80000305175781,122.02999877929688,37224000,GOOGL
2023-07-20,121.41999816894531,124.08999633789062,118.22000122070312,119.19999694824219,37906800,GOOGL
2023-07-21,120.62000274658203,120.98999786376953,118.7300033569336,120.0199966430664,72937900,GOOGL
2023-07-24,121.66000366210938,123.0,120.9800033569336,121.52999877929688,29686100,GOOGL
2023-07-25,121.36000061035156,123.1500015258789,121.0199966430664,122.20999908447266,52509600,GOOGL
2023-07-26,130.07000732421875,130.97999572753906,128.32000732421875,129.27000427246094,61682100,GOOGL
2023-07-27,131.6699981689453,133.24000549316406,128.7899932861328,129.39999389648438,44952100,GOOGL
2023-07-28,130.77999877929688,133.74000549316406,130.57000732421875,132.5800018310547,36591200,GOOGL
2023-07-31,132.72999572753906,133.52999877929688,131.77999877929688,132.72000122070312,28055500,GOOGL
2023-08-01,130.77999877929688,132.6300048828125,130.67999267578125,131.5500030517578,23166800,GOOGL
2023-08-02,129.4499969482422,130.08999633789062,127.55999755859375,128.3800048828125,26273300,GOOGL
2023-08-03,127.97000122070312,129.38999938964844,127.41999816894531,128.4499969482422,20089500,GOOGL
2023-08-04,129.27999877929688,131.50999450683594,127.91000366210938,128.11000061035156,26147200,GOOGL
2023-08-07,129.16000366210938,131.61000061035156,129.02000427246094,131.52999877929688,22746300,GOOGL
2023-08-08,130.6199951171875,131.50999450683594,129.5399932861328,131.39999389648438,23535200,GOOGL
2023-08-09,131.66000366210938,132.0399932861328,129.0,129.66000366210938,24912900,GOOGL
2023-08-10,131.32000732421875,132.0500030517578,129.4499969482422,129.69000244140625,20857800,GOOGL
2023-08-11,128.66000366210938,129.92999267578125,128.1699981689453,129.55999755859375,19591100,GOOGL
2023-08-14,129.38999938964844,131.3699951171875,128.9600067138672,131.3300018310547,24695600,GOOGL
2023-08-15,131.10000610351562,131.4199981689453,129.27999877929688,129.77999877929688,19770700,GOOGL
2023-08-16,128.6999969482422,130.27999877929688,127.87000274658203,128.6999969482422,25216100,GOOGL
2023-08-17,129.8000030517578,131.99000549316406,129.2899932861328,129.9199981689453,33446300,GOOGL
2023-08-18,128.50999450683594,129.25,126.37999725341797,127.45999908447266,30504800,GOOGL
2023-08-21,127.18000030517578,128.72999572753906,126.55999755859375,128.3699951171875,25248700,GOOGL
2023-08-22,128.50999450683594,130.27999877929688,128.32000732421875,129.0800018310547,22054900,GOOGL
2023-08-23,130.17999267578125,133.41000366210938,129.8699951171875,132.3699951171875,27819700,GOOGL
2023-08-24,133.9499969482422,134.25,129.57000732421875,129.77999877929688,28500700,GOOGL
2023-08-25,129.5399932861328,130.75999450683594,127.25,129.8800048828125,26762900,GOOGL
2023-08-28,131.30999755859375,132.5399932861328,130.13999938964844,131.00999450683594,20543300,GOOGL
2023-08-29,132.24000549316406,136.57000732421875,132.24000549316406,134.57000732421875,43075600,GOOGL
2023-08-30,134.77999877929688,136.27999877929688,134.07000732421875,135.8800048828125,28315800,GOOGL
2023-08-31,136.00999450683594,138.0,135.7899932861328,136.1699981689453,30053800,GOOGL
2023-09-01,137.4600067138672,137.4600067138672,134.85000610351562,135.66000366210938,21543700,GOOGL
2023-09-05,135.44000244140625,136.4199981689453,134.5800018310547,135.77000427246094,19403100,GOOGL
2023-09-06,136.02000427246094,136.52999877929688,133.6699981689453,134.4600067138672,18684500,GOOGL
2023-09-07,133.58999633789062,135.5800018310547,132.9499969482422,135.25999450683594,18844300,GOOGL
2023-09-08,134.91000366210938,136.66000366210938,134.85000610351562,136.3800048828125,23558300,GOOGL
2023-09-11,136.5399932861328,137.47999572753906,135.7899932861328,136.9199981689453,20763400,GOOGL
2023-09-12,136.25999450683594,136.8699951171875,135.19000244140625,135.33999633789062,18405500,GOOGL
2023-09-13,135.08999633789062,136.89999389648438,134.14999389648438,136.7100067138672,20749500,GOOGL
2023-09-14,137.60000610351562,138.6999969482422,136.24000549316406,138.10000610351562,24751000,GOOGL
2023-09-15,137.97999572753906,138.52000427246094,136.47999572753906,137.39999389648438,38919600,GOOGL
2023-09-18,136.61000061035156,139.16000366210938,136.61000061035156,138.2100067138672,21861300,GOOGL
2023-09-19,137.4199981689453,138.41000366210938,136.6199951171875,138.0399932861328,20353700,GOOGL
2023-09-20,138.0800018310547,138.0800018310547,133.6199951171875,133.74000549316406,29927500,GOOGL
2023-09-21,131.44000244140625,132.22999572753906,130.07000732421875,130.44000244140625,31503900,GOOGL
2023-09-22,130.75999450683594,132.02999877929688,129.60000610351562,130.25,26397300,GOOGL
2023-09-25,129.8300018310547,131.1699981689453,128.9600067138672,131.11000061035156,20094600,GOOGL
2023-09-26,129.77000427246094,130.36000061035156,127.22000122070312,128.57000732421875,25718700,GOOGL
2023-09-27,128.57000732421875,130.89999389648438,128.57000732421875,130.5399932861328,22746500,GOOGL
2023-09-28,129.83999633789062,133.3000030517578,129.7899932861328,132.30999755859375,22513100,GOOGL
2023-09-29,133.27999877929688,134.0500030517578,130.36000061035156,130.86000061035156,30859800,GOOGL
2023-10-02,131.2100067138672,134.4199981689453,131.1699981689453,134.1699981689453,22288000,GOOGL
2023-10-03,133.94000244140625,134.25999450683594,131.83999633789062,132.42999267578125,22989400,GOOGL
2023-10-04,132.7899932861328,135.57000732421875,132.52999877929688,135.24000549316406,26752300,GOOGL
2023-10-05,135.07000732421875,135.49000549316406,133.4499969482422,135.07000732421875,19832600,GOOGL
2023-10-06,134.00999450683594,138.16000366210938,134.00999450683594,137.5800018310547,27597600,GOOGL
2023-10-09,136.94000244140625,138.94000244140625,135.61000061035156,138.4199981689453,19278100,GOOGL
2023-10-10,138.5,139.72000122070312,137.3300018310547,138.05999755859375,27786600,GOOGL
2023-10-11,138.5800018310547,141.11000061035156,138.5800018310547,140.5500030517578,25884300,GOOGL
2023-10-12,141.0500030517578,141.22000122070312,138.25999450683594,138.97000122070312,24765500,GOOGL
2023-10-13,139.3800048828125,140.0,136.6199951171875,137.36000061035156,23420500,GOOGL
2023-10-16,138.1699981689453,139.6300048828125,137.99000549316406,139.10000610351562,28501900,GOOGL
2023-10-17,138.6300048828125,139.89999389648438,137.17999267578125,139.72000122070312,23515800,GOOGL
2023-10-18,139.4499969482422,140.72000122070312,137.3800048828125,137.9600067138672,23375000,GOOGL
2023-10-19,138.5,139.66000366210938,137.3800048828125,137.75,26066000,GOOGL
2023-10-20,137.3300018310547,137.8699951171875,135.0800018310547,135.60000610351562,26335700,GOOGL
2023-10-23,135.0399932861328,137.66000366210938,133.9499969482422,136.5,26317900,GOOGL
2023-10-24,137.8300018310547,139.36000061035156,137.4199981689453,138.80999755859375,44814300,GOOGL
2023-10-25,128.16000366210938,128.30999755859375,125.06999969482422,125.61000061035156,84366200,GOOGL
2023-10-26,123.2699966430664,124.33000183105469,121.2699966430664,122.27999877929688,57061100,GOOGL
2023-10-27,122.87999725341797,123.30999755859375,120.20999908447266,122.16999816894531,44566500,GOOGL
2023-10-30,123.20999908447266,125.4000015258789,122.75,124.45999908447266,28940100,GOOGL
2023-10-31,125.05999755859375,125.37000274658203,122.69000244140625,124.08000183105469,26292300,GOOGL
2023-11-01,124.06999969482422,126.48999786376953,123.72000122070312,126.44999694824219,30082400,GOOGL
2023-11-02,128.4199981689453,128.97999572753906,126.93000030517578,127.48999786376953,27124600,GOOGL
2023-11-03,128.02000427246094,129.52999877929688,127.86000061035156,129.10000610351562,26393100,GOOGL
2023-11-06,129.0500030517578,130.33999633789062,128.6699981689453,130.25,19052700,GOOGL
2023-11-07,130.7100067138672,131.91000366210938,129.8800048828125,130.97000122070312,29757300,GOOGL
2023-11-08,130.97000122070312,132.2100067138672,130.77999877929688,131.83999633789062,26425800,GOOGL
2023-11-09,131.9600067138672,132.5500030517578,130.07000732421875,130.24000549316406,23747800,GOOGL
2023-11-10,130.10000610351562,132.8000030517578,129.41000366210938,132.58999633789062,26913300,GOOGL
2023-11-13,131.77999877929688,132.58999633789062,131.25,132.08999633789062,18324800,GOOGL
2023-11-14,134.19000244140625,135.6999969482422,133.32000732421875,133.6199951171875,32395200,GOOGL
2023-11-15,134.8699951171875,135.02999877929688,133.57000732421875,134.6199951171875,23861500,GOOGL
2023-11-16,135.19000244140625,137.22000122070312,134.32000732421875,136.92999267578125,28013200,GOOGL
2023-11-17,136.0,136.05999755859375,133.64999389648438,135.30999755859375,37240600,GOOGL
2023-11-20,133.69000244140625,136.66000366210938,133.6199951171875,136.25,27815500,GOOGL
2023-11-21,136.2899932861328,137.17999267578125,135.9600067138672,136.97000122070312,22635300,GOOGL
2023-11-22,137.47000122070312,139.4199981689453,137.47000122070312,138.49000549316406,17813900,GOOGL
2023-11-24,138.02999877929688,138.1300048828125,135.99000549316406,136.69000244140625,12514300,GOOGL
2023-11-27,136.02999877929688,138.4199981689453,136.0,136.41000366210938,23436500,GOOGL
2023-11-28,136.0800018310547,137.25,135.4199981689453,137.1999969482422,18730000,GOOGL
2023-11-29,137.57000732421875,138.2899932861328,134.83999633789062,134.99000549316406,23967200,GOOGL
2023-11-30,135.0500030517578,135.5500030517578,131.27999877929688,132.52999877929688,38988300,GOOGL
2023-12-01,131.86000061035156,132.11000061035156,130.6699981689453,131.86000061035156,31442300,GOOGL
2023-12-04,129.8800048828125,130.02999877929688,127.9000015258789,129.27000427246094,36669900,GOOGL
2023-12-05,128.9499969482422,132.13999938964844,128.25,130.99000549316406,27384800,GOOGL
2023-12-06,131.44000244140625,131.83999633789062,129.8800048828125,130.02000427246094,23576200,GOOGL
2023-12-07,135.0399932861328,138.55999755859375,134.6999969482422,136.92999267578125,56767100,GOOGL
2023-12-08,134.1999969482422,136.39999389648438,134.02999877929688,134.99000549316406,32260100,GOOGL
2023-12-11,132.3800048828125,133.33999633789062,131.36000061035156,133.2899932861328,31138000,GOOGL
2023-12-12,131.80999755859375,133.0,131.25999450683594,132.52000427246094,29032800,GOOGL
2023-12-13,133.3800048828125,133.5,131.57000732421875,132.57000732421875,30104800,GOOGL
2023-12-14,133.3800048828125,133.72000122070312,129.69000244140625,131.94000244140625,38722400,GOOGL
2023-12-15,131.6199951171875,133.50999450683594,131.17999267578125,132.60000610351562,50847100,GOOGL
2023-12-18,132.6300048828125,137.14999389648438,132.42999267578125,135.8000030517578,32258000,GOOGL
2023-12-19,136.83999633789062,137.47000122070312,136.0800018310547,136.64999389648438,25476800,GOOGL
2023-12-20,138.97000122070312,141.6999969482422,138.07000732421875,138.33999633789062,49107200,GOOGL
2023-12-21,139.49000549316406,140.69000244140625,139.17999267578125,140.4199981689453,27488300,GOOGL
2023-12-22,140.77000427246094,141.99000549316406,140.7100067138672,141.49000549316406,26532200,GOOGL
2023-12-26,141.58999633789062,142.67999267578125,141.19000244140625,141.52000427246094,16780300,GOOGL
2023-12-27,141.58999633789062,142.0800018310547,139.88999938964844,140.3699951171875,19628600,GOOGL
2023-12-28,140.77999877929688,141.13999938964844,139.75,140.22999572753906,16045700,GOOGL
2023-12-29,139.6300048828125,140.36000061035156,138.77999877929688,139.69000244140625,18733000,GOOGL
2024-01-02,138.5500030517578,139.4499969482422,136.47999572753906,138.1699981689453,23711200,GOOGL
2024-01-03,137.25,139.6300048828125,137.0800018310547,138.9199981689453,24212100,GOOGL
2024-01-04,138.4199981689453,139.16000366210938,136.35000610351562,136.38999938964844,27137700,GOOGL
2024-01-05,136.75,137.16000366210938,135.14999389648438,135.72999572753906,22513900,GOOGL
2024-01-08,136.2899932861328,139.00999450683594,136.25999450683594,138.83999633789062,21404000,GOOGL
2024-01-09,138.5,141.49000549316406,138.14999389648438,140.9499969482422,24759600,GOOGL
2024-01-10,141.0,143.0,140.91000366210938,142.27999877929688,21320200,GOOGL
2024-01-11,143.49000549316406,145.22000122070312,140.63999938964844,142.0800018310547,24008700,GOOGL
2024-01-12,142.6699981689453,143.1999969482422,141.82000732421875,142.64999389648438,18785500,GOOGL
2024-01-16,142.0,144.35000610351562,141.4499969482422,142.49000549316406,22670500,GOOGL
2024-01-17,141.35000610351562,141.83999633789062,138.89999389648438,141.47000122070312,20968600,GOOGL
2024-01-18,142.0500030517578,144.2100067138672,141.99000549316406,143.47999572753906,25746400,GOOGL
2024-01-19,144.74000549316406,146.4499969482422,144.3800048828125,146.3800048828125,34271900,GOOGL
2024-01-22,147.10000610351562,148.38999938964844,145.83999633789062,145.99000549316406,32200400,GOOGL
2024-01-23,145.88999938964844,147.17999267578125,145.5,147.0399932861328,21636100,GOOGL
2024-01-24,148.5399932861328,149.85000610351562,148.10000610351562,148.6999969482422,25233500,GOOGL
2024-01-25,150.07000732421875,153.0500030517578,149.5399932861328,151.8699951171875,29149100,GOOGL
2024-01-26,151.10000610351562,152.5399932861328,151.00999450683594,152.19000244140625,26115500,GOOGL
2024-01-29,152.05999755859375,153.77999877929688,151.42999267578125,153.50999450683594,27784300,GOOGL
2024-01-30,152.8000030517578,153.6199951171875,151.19000244140625,151.4600067138672,36331800,GOOGL
2024-01-31,143.6199951171875,144.0,139.8699951171875,140.10000610351562,71910000,GOOGL
2024-02-01,142.1199951171875,143.05999755859375,140.7899932861328,141.16000366210938,40466500,GOOGL
2024-02-02,139.25999450683594,142.6199951171875,136.5,142.3800048828125,62499600,GOOGL
2024-02-05,142.82000732421875,145.47000122070312,142.77999877929688,143.67999267578125,38505400,GOOGL
2024-02-06,144.64999389648438,145.36000061035156,143.19000244140625,144.10000610351562,29128200,GOOGL
2024-02-07,144.75999450683594,145.6199951171875,143.92999267578125,145.5399932861328,25208900,GOOGL
2024-02-08,145.8300018310547,146.3300018310547,145.10000610351562,145.91000366210938,22563800,GOOGL
2024-02-09,146.67999267578125,149.44000244140625,146.17999267578125,149.0,26829500,GOOGL
2024-02-12,148.4199981689453,149.33999633789062,147.3699951171875,147.52999877929688,21564100,GOOGL
2024-02-13,144.9199981689453,146.6699981689453,143.69000244140625,145.13999938964844,27837700,GOOGL
2024-02-14,146.0800018310547,146.52000427246094,144.08999633789062,145.94000244140625,22704200,GOOGL
2024-02-15,143.13999938964844,143.52000427246094,140.4600067138672,142.77000427246094,37590700,GOOGL
2024-02-16,142.99000549316406,143.19000244140625,140.13999938964844,140.52000427246094,31468900,GOOGL
2024-02-20,139.66000366210938,142.0800018310547,139.49000549316406,141.1199951171875,25144700,GOOGL
2024-02-21,141.4499969482422,142.69000244140625,140.67999267578125,142.5500030517578,23223300,GOOGL
2024-02-22,144.92999267578125,145.0,142.8000030517578,144.08999633789062,27191900,GOOGL
2024-02-23,143.6699981689453,144.67999267578125,143.42999267578125,143.9600067138672,19493800,GOOGL
2024-02-26,142.13999938964844,142.44000244140625,137.38999938964844,137.57000732421875,53641800,GOOGL
2024-02-27,138.02000427246094,139.25,137.08999633789062,138.8800048828125,33099200,GOOGL
2024-02-28,137.89999389648438,138.00999450683594,135.41000366210938,136.3800048828125,37328600,GOOGL
2024-02-29,137.27999877929688,138.86000061035156,136.39999389648438,138.4600067138672,42133000,GOOGL
2024-03-01,138.42999267578125,138.8699951171875,136.9199981689453,137.13999938964844,31151100,GOOGL
2024-03-04,135.66000366210938,135.66000366210938,131.91000366210938,133.35000610351562,55999400,GOOGL
2024-03-05,131.8800048828125,133.24000549316406,130.6699981689453,132.6699981689453,40194800,GOOGL
2024-03-06,133.1199951171875,133.5800018310547,130.85000610351562,131.39999389648438,35318600,GOOGL
2024-03-07,132.7899932861328,134.94000244140625,131.61000061035156,134.3800048828125,37738200,GOOGL
2024-03-08,134.2100067138672,138.08999633789062,134.0,135.41000366210938,39370400,GOOGL
2024-03-11,136.1300048828125,139.10000610351562,136.1300048828125,137.6699981689453,32437800,GOOGL
2024-03-12,137.02999877929688,139.3800048828125,137.02999877929688,138.5,27563400,GOOGL
2024-03-13,139.0,141.08999633789062,138.99000549316406,139.7899932861328,23347200,GOOGL
2024-03-14,141.19000244140625,143.58999633789062,140.4600067138672,143.10000610351562,42753400,GOOGL
2024-03-15,142.5,143.17999267578125,140.02999877929688,141.17999267578125,49475400,GOOGL
2024-03-18,148.61000061035156,152.14999389648438,147.1699981689453,147.67999267578125,69273700,GOOGL
2024-03-19,148.16000366210938,148.7899932861328,146.0800018310547,147.02999877929688,24070400,GOOGL
2024-03-20,148.0,148.86000061035156,146.74000549316406,148.74000549316406,21311500,GOOGL
2024-03-21,149.47000122070312,150.3699951171875,146.89999389648438,147.60000610351562,24755600,GOOGL
2024-03-22,149.1199951171875,151.5800018310547,148.97999572753906,150.77000427246094,29211800,GOOGL
2024-03-25,149.94000244140625,150.3800048828125,147.82000732421875,150.07000732421875,19229300,GOOGL
2024-03-26,150.22000122070312,152.25999450683594,149.97999572753906,150.6699981689453,22149100,GOOGL
2024-03-27,151.17999267578125,151.63999938964844,148.89999389648438,150.8699951171875,22879200,GOOGL
2024-03-28,150.85000610351562,151.42999267578125,150.1699981689453,150.92999267578125,24485400,GOOGL
2024-04-01,150.69000244140625,155.74000549316406,150.61000061035156,155.49000549316406,31730800,GOOGL
2024-04-02,153.5,154.6999969482422,152.14999389648438,154.55999755859375,24586000,GOOGL
2024-04-03,153.60000610351562,155.0800018310547,152.72999572753906,154.9199981689453,24705000,GOOGL
2024-04-04,153.5,154.77000427246094,150.4499969482422,150.52999877929688,34724700,GOOGL
2024-04-05,150.02999877929688,153.4199981689453,149.60000610351562,152.5,23459200,GOOGL
2024-04-08,152.77999877929688,155.27000427246094,152.61000061035156,154.85000610351562,20702000,GOOGL
2024-04-09,156.08999633789062,158.55999755859375,155.19000244140625,156.60000610351562,31079500,GOOGL
2024-04-10,156.2100067138672,156.61000061035156,154.67999267578125,156.13999938964844,22838600,GOOGL
2024-04-11,156.91000366210938,159.67999267578125,156.4600067138672,159.41000366210938,27166400,GOOGL
2024-04-12,157.9600067138672,160.22000122070312,157.13999938964844,157.72999572753906,25353700,GOOGL
2024-04-15,158.86000061035156,159.24000549316406,154.58999633789062,154.86000061035156,27136500,GOOGL
2024-04-16,154.19000244140625,155.64999389648438,153.42999267578125,154.39999389648438,20779500,GOOGL
2024-04-17,155.6199951171875,157.0800018310547,154.5800018310547,155.47000122070312,21763100,GOOGL
2024-04-18,155.33999633789062,156.94000244140625,154.6199951171875,156.00999450683594,19883000,GOOGL
2024-04-19,156.1999969482422,156.36000061035156,152.3000030517578,154.08999633789062,32615600,GOOGL
2024-04-22,154.30999755859375,157.63999938964844,154.05999755859375,156.27999877929688,26446200,GOOGL
2024-04-23,156.9600067138672,158.97000122070312,156.27999877929688,158.25999450683594,21151600,GOOGL
2024-04-24,157.49000549316406,159.57000732421875,157.1699981689453,159.1300048828125,22779100,GOOGL
2024-04-25,151.3300018310547,156.49000549316406,150.8699951171875,156.0,57109700,GOOGL
2024-04-26,174.3699951171875,174.7100067138672,169.64999389648438,171.9499969482422,64665300,GOOGL
2024-04-29,169.05999755859375,169.5500030517578,165.2100067138672,166.14999389648438,45610000,GOOGL
2024-04-30,165.61000061035156,168.10000610351562,162.60000610351562,162.77999877929688,33562900,GOOGL
2024-05-01,164.3000030517578,167.1199951171875,163.08999633789062,163.86000061035156,33493200,GOOGL
2024-05-02,164.7899932861328,166.72999572753906,163.88999938964844,166.6199951171875,24294500,GOOGL
2024-05-03,167.55999755859375,167.9600067138672,163.0500030517578,167.24000549316406,34662400,GOOGL
2024-05-06,167.4600067138672,168.13999938964844,166.02999877929688,168.10000610351562,21871300,GOOGL
2024-05-07,168.5,171.75999450683594,168.38999938964844,171.25,28039700,GOOGL
2024-05-08,169.0,170.14999389648438,168.74000549316406,169.3800048828125,19569100,GOOGL
2024-05-09,169.38999938964844,170.69000244140625,168.17999267578125,169.9600067138672,15346700,GOOGL
2024-05-10,168.02999877929688,169.85000610351562,166.19000244140625,168.64999389648438,29799900,GOOGL
2024-05-13,164.25999450683594,169.27999877929688,164.0,169.13999938964844,31327600,GOOGL
2024-05-14,169.77000427246094,171.25,168.8000030517578,170.33999633789062,25127100,GOOGL
2024-05-15,170.6300048828125,172.64999389648438,170.50999450683594,172.50999450683594,26948400,GOOGL
2024-05-16,173.2899932861328,175.1199951171875,172.69000244140625,174.17999267578125,27867900,GOOGL
2024-05-17,174.17999267578125,176.27000427246094,173.69000244140625,176.05999755859375,24479300,GOOGL
2024-05-20,176.19000244140625,178.77000427246094,176.0800018310547,176.9199981689453,22554400,GOOGL
2024-05-21,176.89999389648438,178.14999389648438,175.80999755859375,177.85000610351562,16989400,GOOGL
2024-05-22,176.63999938964844,177.14999389648438,175.2100067138672,176.3800048828125,17880000,GOOGL
2024-05-23,177.07000732421875,178.25,172.9499969482422,173.5500030517578,21024900,GOOGL
2024-05-24,174.97999572753906,175.77000427246094,173.64999389648438,174.99000549316406,16579400,GOOGL
2024-05-28,174.4499969482422,177.27000427246094,174.3699951171875,176.39999389648438,20572200,GOOGL
2024-05-29,175.42999267578125,176.83999633789062,174.72000122070312,175.89999389648438,23388700,GOOGL
2024-05-30,175.1999969482422,175.22000122070312,171.7899932861328,172.11000061035156,22931500,GOOGL
2024-05-31,171.86000061035156,173.05999755859375,169.44000244140625,172.5,37638900,GOOGL
2024-06-03,172.5399932861328,174.52999877929688,171.16000366210938,173.1699981689453,27459100,GOOGL
2024-06-04,173.27999877929688,173.85000610351562,171.88999938964844,173.7899932861328,26879600,GOOGL
2024-06-05,175.1999969482422,176.64999389648438,173.92999267578125,175.41000366210938,22068500,GOOGL
2024-06-06,175.89999389648438,177.14999389648438,175.75,176.72999572753906,23251000,GOOGL
2024-06-07,177.0500030517578,177.8699951171875,174.3000030517578,174.4600067138672,19661400,GOOGL
2024-06-10,174.97000122070312,177.05999755859375,172.75999450683594,175.00999450683594,23726700,GOOGL
2024-06-11,176.22000122070312,176.83999633789062,173.77000427246094,176.6199951171875,21540600,GOOGL
2024-06-12,178.25,180.41000366210938,176.11000061035156,177.7899932861328,27864700,GOOGL
2024-06-13,176.11000061035156,176.74000549316406,174.8800048828125,175.16000366210938,20913300,GOOGL
2024-06-14,174.22000122070312,177.05999755859375,174.14999389648438,176.7899932861328,18063600,GOOGL
2024-06-17,175.4600067138672,178.36000061035156,174.80999755859375,177.24000549316406,19618500,GOOGL
2024-06-18,177.13999938964844,177.38999938964844,174.10000610351562,175.08999633789062,21869900,GOOGL
2024-06-20,175.3699951171875,177.2899932861328,174.99000549316406,176.3000030517578,20160100,GOOGL
2024-06-21,177.0,180.85000610351562,176.61000061035156,179.6300048828125,57759000,GOOGL
2024-06-24,180.16000366210938,180.88999938964844,178.6699981689453,179.22000122070312,18298000,GOOGL
2024-06-25,179.6199951171875,184.2899932861328,179.4199981689453,184.02999877929688,23130200,GOOGL
2024-06-26,182.6300048828125,184.50999450683594,182.47999572753906,183.8800048828125,19839000,GOOGL
2024-06-27,184.17999267578125,186.0500030517578,184.02000427246094,185.41000366210938,18848900,GOOGL
2024-06-28,184.32000732421875,185.1300048828125,181.9600067138672,182.14999389648438,29156600,GOOGL
2024-07-01,183.02999877929688,183.8800048828125,181.3000030517578,182.99000549316406,16006100,GOOGL
2024-07-02,182.0500030517578,185.57000732421875,181.55999755859375,185.24000549316406,17372500,GOOGL
2024-07-03,184.85000610351562,186.08999633789062,184.0,185.82000732421875,10242100,GOOGL
2024-07-05,185.86000061035156,190.86000061035156,185.8000030517578,190.60000610351562,20967500,GOOGL
2024-07-08,189.89999389648438,190.1699981689453,187.77999877929688,189.02999877929688,21035900,GOOGL
2024-07-09,190.30999755859375,191.36000061035156,188.72000122070312,188.97999572753906,15121400,GOOGL
2024-07-10,189.14999389648438,191.75,189.02999877929688,191.17999267578125,15952500,GOOGL
2024-07-11,189.85000610351562,190.86000061035156,185.0800018310547,185.57000732421875,25625800,GOOGL
2024-07-12,185.0800018310547,187.11000061035156,184.49000549316406,185.07000732421875,22898400,GOOGL
2024-07-15,184.9199981689453,188.24000549316406,184.9199981689453,186.52999877929688,16474000,GOOGL
2024-07-16,187.36000061035156,188.67999267578125,183.3699951171875,183.9199981689453,18290700,GOOGL
2024-07-17,182.97000122070312,183.5500030517578,179.89999389648438,181.02000427246094,20734100,GOOGL
2024-07-18,181.92999267578125,182.5,176.47000122070312,177.69000244140625,25315700,GOOGL
2024-07-19,178.8800048828125,180.2899932861328,177.1300048828125,177.66000366210938,18881900,GOOGL
2024-07-22,180.58999633789062,182.6999969482422,180.22999572753906,181.6699981689453,24100300,GOOGL
2024-07-23,182.0500030517578,183.61000061035156,181.5399932861328,181.7899932861328,36352700,GOOGL
2024-07-24,173.60000610351562,176.19000244140625,171.82000732421875,172.6300048828125,49585200,GOOGL
2024-07-25,172.52000427246094,173.4199981689453,167.19000244140625,167.27999877929688,44852000,GOOGL
2024-07-26,167.14999389648438,168.08999633789062,164.05999755859375,167.0,41336900,GOOGL
2024-07-29,168.8300018310547,170.42999267578125,167.99000549316406,169.52999877929688,20293800,GOOGL
2024-07-30,170.24000549316406,171.22999572753906,168.44000244140625,170.2899932861328,18959700,GOOGL
2024-07-31,173.24000549316406,174.25,170.00999450683594,171.5399932861328,25729100,GOOGL
2024-08-01,170.25,174.0500030517578,168.8800048828125,170.75999450683594,24531400,GOOGL
2024-08-02,166.44000244140625,168.50999450683594,164.6699981689453,166.66000366210938,29130100,GOOGL
2024-08-05,155.5,164.42999267578125,154.92999267578125,159.25,53630700,GOOGL
2024-08-06,159.3300018310547,160.57000732421875,156.41000366210938,158.2899932861328,49004600,GOOGL
2024-08-07,161.25,162.97999572753906,158.47000122070312,158.94000244140625,25138600,GOOGL
2024-08-08,160.50999450683594,163.69000244140625,160.2100067138672,162.02999877929688,25578800,GOOGL
2024-08-09,160.00999450683594,163.7899932861328,159.05999755859375,163.6699981689453,28602300,GOOGL
2024-08-12,164.35000610351562,164.89999389648438,161.83999633789062,162.2899932861328,15895300,GOOGL
2024-08-13,163.41000366210938,164.72999572753906,162.97000122070312,164.16000366210938,18551700,GOOGL
2024-08-14,162.39999389648438,163.22000122070312,157.7100067138672,160.3699951171875,40591100,GOOGL
2024-08-15,160.5,161.63999938964844,159.61000061035156,161.3000030517578,31524300,GOOGL
2024-08-16,161.47000122070312,165.05999755859375,161.1300048828125,162.9600067138672,24208600,GOOGL
2024-08-19,165.27999877929688,166.69000244140625,164.25999450683594,166.6699981689453,22416200,GOOGL
2024-08-20,166.89999389648438,168.63999938964844,166.82000732421875,167.17999267578125,18341500,GOOGL
2024-08-21,165.14999389648438,166.85000610351562,164.6699981689453,165.85000610351562,22902000,GOOGL
2024-08-22,167.25999450683594,167.58999633789062,163.30999755859375,163.8000030517578,22493300,GOOGL
2024-08-23,164.72000122070312,166.17999267578125,163.8300018310547,165.6199951171875,13955700,GOOGL
2024-08-26,166.3800048828125,167.5500030517578,164.4600067138672,166.16000366210938,14190400,GOOGL
2024-08-27,165.83999633789062,166.44000244140625,164.4600067138672,164.67999267578125,11821900,GOOGL
2024-08-28,165.0399932861328,165.60000610351562,161.52999877929688,162.85000610351562,16407400,GOOGL
2024-08-29,164.30999755859375,165.97000122070312,160.25,161.77999877929688,19699800,GOOGL
2024-08-30,162.6199951171875,163.66000366210938,161.69000244140625,163.3800048828125,22123800,GOOGL
2024-09-03,161.72000122070312,161.85000610351562,156.47999572753906,157.36000061035156,38945300,GOOGL
2024-09-04,156.66000366210938,159.0,155.9600067138672,156.4499969482422,19353800,GOOGL
2024-09-05,156.3000030517578,159.4499969482422,155.97999572753906,157.24000549316406,18688700,GOOGL
2024-09-06,157.3000030517578,157.8300018310547,150.5500030517578,150.9199981689453,37912100,GOOGL
2024-09-09,152.50999450683594,153.39999389648438,147.22000122070312,148.7100067138672,39260500,GOOGL
2024-09-10,150.4499969482422,151.27000427246094,148.33999633789062,148.66000366210938,31118800,GOOGL
2024-09-11,149.9199981689453,151.5,147.52000427246094,151.16000366210938,29607700,GOOGL
2024-09-12,153.8000030517578,154.82000732421875,152.64999389648438,154.69000244140625,29621500,GOOGL
2024-09-13,155.42999267578125,158.3800048828125,155.2100067138672,157.4600067138672,29591200,GOOGL
2024-09-16,157.30999755859375,158.25,156.60000610351562,158.05999755859375,18379800,GOOGL
2024-09-17,159.02000427246094,160.5500030517578,158.3800048828125,159.32000732421875,20715600,GOOGL
2024-09-18,159.86000061035156,160.5,158.60000610351562,159.80999755859375,23677300,GOOGL
2024-09-19,163.7100067138672,163.7899932861328,161.33999633789062,162.13999938964844,26587700,GOOGL
2024-09-20,163.5,163.72999572753906,162.05999755859375,163.58999633789062,40896400,GOOGL
2024-09-23,164.35000610351562,165.49000549316406,161.6699981689453,161.85000610351562,24150900,GOOGL
2024-09-24,163.02999877929688,163.22000122070312,160.69000244140625,162.2899932861328,23332100,GOOGL
2024-09-25,161.47000122070312,162.80999755859375,161.3000030517578,161.49000549316406,18869200,GOOGL
2024-09-26,163.63999938964844,164.0800018310547,162.27999877929688,162.72999572753906,20319300,GOOGL
2024-09-27,162.80999755859375,165.6999969482422,162.6300048828125,163.9499969482422,21101300,GOOGL
2024-09-30,163.32000732421875,166.14999389648438,163.25999450683594,165.85000610351562,20413900,GOOGL
2024-10-01,167.69000244140625,169.16000366210938,164.5800018310547,166.99000549316406,28338100,GOOGL
2024-10-02,166.4199981689453,167.52000427246094,164.72999572753906,165.86000061035156,17760200,GOOGL
2024-10-03,164.41000366210938,166.63999938964844,163.9199981689453,165.86000061035156,15073100,GOOGL
2024-10-04,168.05999755859375,168.22999572753906,165.47999572753906,167.05999755859375,19047400,GOOGL
2024-10-07,167.72000122070312,168.47999572753906,162.75,162.97999572753906,22463100,GOOGL
2024-10-08,163.94000244140625,164.72999572753906,162.8699951171875,164.3800048828125,23072700,GOOGL
2024-10-09,163.4499969482422,164.83999633789062,159.74000549316406,161.86000061035156,31181800,GOOGL
2024-10-10,160.8699951171875,163.07000732421875,160.39999389648438,162.0800018310547,14144100,GOOGL
2024-10-11,162.1300048828125,163.89999389648438,161.24000549316406,163.24000549316406,15344300,GOOGL
2024-10-14,163.63999938964844,166.22999572753906,163.39999389648438,164.9600067138672,19016100,GOOGL
2024-10-15,165.7899932861328,167.67999267578125,164.6300048828125,165.4600067138672,20247200,GOOGL
2024-10-16,164.52999877929688,165.8000030517578,163.74000549316406,165.16000366210938,16406000,GOOGL
2024-10-17,165.72999572753906,166.3699951171875,162.75999450683594,162.92999267578125,21453400,GOOGL
2024-10-18,163.19000244140625,164.7100067138672,163.0800018310547,163.4199981689453,19757700,GOOGL
2024-10-21,162.9499969482422,164.5,162.6199951171875,164.07000732421875,20946500,GOOGL
2024-10-22,162.97999572753906,165.77000427246094,162.97999572753906,165.13999938964844,16568100,GOOGL
2024-10-23,164.75999450683594,165.82000732421875,161.92999267578125,162.77999877929688,18280500,GOOGL
2024-10-24,162.8300018310547,163.3300018310547,161.00999450683594,162.72000122070312,22412500,GOOGL
2024-10-25,163.6699981689453,165.58999633789062,163.4199981689453,165.27000427246094,19828900,GOOGL
2024-10-28,168.75,168.75,163.9499969482422,166.72000122070312,32138600,GOOGL
2024-10-29,167.72999572753906,170.3800048828125,167.08999633789062,169.67999267578125,42169000,GOOGL
2024-10-30,180.67999267578125,182.02000427246094,174.05999755859375,174.4600067138672,68890800,GOOGL
2024-10-31,173.1300048828125,176.82000732421875,171.0,171.11000061035156,44769000,GOOGL
2024-11-01,170.07000732421875,172.32000732421875,168.8800048828125,171.2899932861328,31796500,GOOGL
2024-11-04,169.92999267578125,170.72999572753906,168.00999450683594,169.24000549316406,21492700,GOOGL
2024-11-05,169.42999267578125,170.52999877929688,168.83999633789062,169.74000549316406,18242100,GOOGL
2024-11-06,173.8000030517578,176.94000244140625,173.5,176.50999450683594,33695500,GOOGL
2024-11-07,177.41000366210938,181.0800018310547,177.19000244140625,180.75,25352900,GOOGL
2024-11-08,180.64999389648438,180.89999389648438,178.0800018310547,178.35000610351562,22006200,GOOGL
2024-11-11,178.5800018310547,180.5500030517578,178.47000122070312,180.35000610351562,17450400,GOOGL
2024-11-12,179.82000732421875,182.49000549316406,179.38999938964844,181.6199951171875,25134900,GOOGL
2024-11-13,180.4600067138672,180.9600067138672,178.5399932861328,178.8800048828125,23184000,GOOGL
2024-11-14,178.27999877929688,178.82000732421875,174.32000732421875,175.5800018310547,31007500,GOOGL
2024-11-15,173.72999572753906,174.13999938964844,171.22000122070312,172.49000549316406,32504600,GOOGL
2024-11-18,173.4199981689453,175.44000244140625,172.89999389648438,175.3000030517578,20135300,GOOGL
2024-11-19,173.72000122070312,178.8699951171875,173.55999755859375,178.1199951171875,23434900,GOOGL
2024-11-20,177.33999633789062,177.67999267578125,173.77999877929688,175.97999572753906,18997100,GOOGL
2024-11-21,173.89999389648438,174.1300048828125,163.6999969482422,167.6300048828125,59734400,GOOGL
2024-11-22,165.85000610351562,166.4600067138672,163.89999389648438,164.75999450683594,38604600,GOOGL
2024-11-25,166.08999633789062,168.6300048828125,165.61000061035156,167.64999389648438,33135300,GOOGL
2024-11-26,167.6300048828125,169.82000732421875,167.5800018310547,169.1199951171875,20486700,GOOGL
2024-11-27,169.0,169.47999572753906,168.02000427246094,169.22999572753906,19266500,GOOGL
2024-11-29,168.5,169.42999267578125,167.16000366210938,168.9499969482422,14257200,GOOGL
2024-12-02,168.77000427246094,172.0800018310547,168.57000732421875,171.49000549316406,23789100,GOOGL
2024-12-03,171.49000549316406,172.67999267578125,170.85000610351562,171.33999633789062,22248700,GOOGL
2024-12-04,171.14999389648438,174.91000366210938,171.05999755859375,174.3699951171875,31615100,GOOGL
2024-12-05,175.36000061035156,176.05999755859375,172.3300018310547,172.63999938964844,21356200,GOOGL
2024-12-06,172.02999877929688,175.0800018310547,171.86000061035156,174.7100067138672,21462400,GOOGL
2024-12-09,173.9600067138672,176.25999450683594,173.64999389648438,175.3699951171875,25389600,GOOGL
2024-12-10,182.85000610351562,186.36000061035156,181.0500030517578,185.1699981689453,54813000,GOOGL
2024-12-11,185.30999755859375,195.61000061035156,184.85000610351562,195.39999389648438,67894100,GOOGL
2024-12-12,195.0,195.17999267578125,191.7100067138672,191.9600067138672,34817500,GOOGL
2024-12-13,191.00999450683594,192.72999572753906,189.63999938964844,189.82000732421875,25143500,GOOGL
2024-12-16,192.8699951171875,199.0,192.6199951171875,196.66000366210938,44934900,GOOGL
2024-12-17,197.25,201.4199981689453,194.97999572753906,195.4199981689453,43504000,GOOGL
2024-12-18,195.22000122070312,197.0,187.74000549316406,188.39999389648438,34166100,GOOGL
2024-12-19,191.6300048828125,193.02999877929688,188.3800048828125,188.50999450683594,32265200,GOOGL
2024-12-20,185.77999877929688,192.88999938964844,185.22000122070312,191.41000366210938,63462900,GOOGL
2024-12-23,192.6199951171875,195.10000610351562,190.14999389648438,194.6300048828125,25675000,GOOGL
2024-12-24,194.83999633789062,196.11000061035156,193.77999877929688,196.11000061035156,10403300,GOOGL
2024-12-26,195.14999389648438,196.75,194.3800048828125,195.60000610351562,12046600,GOOGL
2024-12-27,194.9499969482422,195.32000732421875,190.64999389648438,192.75999450683594,18891400,GOOGL
2024-12-30,189.8000030517578,192.5500030517578,189.1199951171875,191.24000549316406,14264700,GOOGL
2024-12-31,191.0800018310547,191.9600067138672,188.50999450683594,189.3000030517578,17466900,GOOGL
2025-01-02,190.64999389648438,192.0,187.5,189.42999267578125,20370800,GOOGL
2025-01-03,191.3699951171875,193.2100067138672,189.97999572753906,191.7899932861328,18596200,GOOGL
2025-01-06,193.97999572753906,198.22000122070312,193.85000610351562,196.8699951171875,29563600,GOOGL
2025-01-07,197.11000061035156,201.0,194.60000610351562,195.49000549316406,26487200,GOOGL
2025-01-08,192.57000732421875,196.2899932861328,192.3800048828125,193.9499969482422,24864800,GOOGL
2025-01-10,194.3000030517578,196.52000427246094,190.30999755859375,192.0399932861328,26665200,GOOGL
2025-01-13,190.07000732421875,191.17999267578125,187.36000061035156,191.00999450683594,21823700,GOOGL
2025-01-14,191.24000549316406,191.97999572753906,188.30999755859375,189.66000366210938,17174900,GOOGL
2025-01-15,193.08999633789062,196.36000061035156,191.86000061035156,195.5500030517578,21776000,GOOGL
2025-01-16,194.13999938964844,195.47999572753906,192.80999755859375,192.91000366210938,17815400,GOOGL
2025-01-17,196.52999877929688,197.22999572753906,193.75,196.0,27735100,GOOGL
2025-01-21,199.07000732421875,202.2899932861328,197.8699951171875,198.0500030517578,29971300,GOOGL
2025-01-22,199.05999755859375,200.47999572753906,197.52999877929688,198.3699951171875,26200600,GOOGL
2025-01-23,198.13999938964844,200.3000030517578,195.1999969482422,197.97999572753906,26951400,GOOGL
2025-01-24,198.10000610351562,200.89999389648438,198.0,200.2100067138672,23877500,GOOGL
2025-01-27,192.41000366210938,196.8800048828125,190.72999572753906,191.80999755859375,41728900,GOOGL
2025-01-28,192.75,195.47999572753906,190.67999267578125,195.3000030517578,24157900,GOOGL
2025-01-29,195.55999755859375,196.7899932861328,193.42999267578125,195.41000366210938,18218300,GOOGL
2025-01-30,198.0,201.39999389648438,197.6699981689453,200.8699951171875,24354700,GOOGL
2025-01-31,202.0,205.47999572753906,201.8000030517578,204.02000427246094,32001100,GOOGL
2025-02-03,200.69000244140625,203.75,200.10000610351562,201.22999572753906,27838300,GOOGL
2025-02-04,203.38999938964844,207.0500030517578,202.80999755859375,206.3800048828125,43856400,GOOGL
2025-02-05,191.07000732421875,192.75,188.02999877929688,191.3300018310547,70373900,GOOGL
2025-02-06,189.5,192.10000610351562,188.72000122070312,191.60000610351562,29297400,GOOGL
2025-02-07,191.0500030517578,191.17999267578125,183.24000549316406,185.33999633789062,49315000,GOOGL
2025-02-10,187.35000610351562,188.1999969482422,185.86000061035156,186.47000122070312,23105600,GOOGL
2025-02-11,185.02999877929688,186.94000244140625,184.27999877929688,185.32000732421875,21239500,GOOGL
2025-02-12,183.22000122070312,185.11000061035156,181.8300018310547,183.61000061035156,22072600,GOOGL
2025-02-13,184.32000732421875,186.27999877929688,183.13999938964844,186.13999938964844,21402500,GOOGL
2025-02-14,185.05999755859375,186.39999389648438,184.32000732421875,185.22999572753906,20448400,GOOGL
2025-02-18,185.60000610351562,185.9600067138672,181.74000549316406,183.77000427246094,29916700,GOOGL
2025-02-19,184.07000732421875,185.4600067138672,183.58999633789062,185.27000427246094,19549400,GOOGL
2025-02-20,184.8000030517578,185.30999755859375,182.72000122070312,184.55999755859375,20441500,GOOGL
2025-02-21,185.14999389648438,185.33999633789062,179.0800018310547,179.66000366210938,35199200,GOOGL
2025-02-24,181.99000549316406,183.1199951171875,178.88999938964844,179.25,29854200,GOOGL
2025-02-25,178.0399932861328,178.74000549316406,174.69000244140625,175.4199981689453,41913400,GOOGL
2025-02-26,175.07000732421875,176.0800018310547,171.5800018310547,172.72999572753906,35431300,GOOGL
2025-02-27,173.99000549316406,174.55999755859375,167.94000244140625,168.5,39991000,GOOGL
2025-02-28,168.67999267578125,170.61000061035156,166.77000427246094,170.27999877929688,48130600,GOOGL
2025-03-03,171.92999267578125,173.3699951171875,165.92999267578125,167.00999450683594,40770500,GOOGL
2025-03-04,166.24000549316406,173.2899932861328,165.8000030517578,170.9199981689453,45388000,GOOGL
2025-03-05,170.52000427246094,173.77999877929688,169.05999755859375,173.02000427246094,30954900,GOOGL
2025-03-06,170.52999877929688,174.80999755859375,170.5,172.35000610351562,28302000,GOOGL
2025-03-07,171.25999450683594,174.97000122070312,170.27000427246094,173.86000061035156,27385800,GOOGL
2025-03-10,168.25999450683594,168.4600067138672,163.69000244140625,165.8699951171875,43604000,GOOGL
2025-03-11,164.91000366210938,166.75,161.3699951171875,164.0399932861328,39587400,GOOGL
2025-03-12,166.5800018310547,167.63999938964844,163.52999877929688,167.11000061035156,28372400,GOOGL
2025-03-13,166.0399932861328,166.1300048828125,162.11000061035156,162.75999450683594,31756200,GOOGL
2025-03-14,163.27000427246094,166.49000549316406,162.4499969482422,165.49000549316406,31995900,GOOGL
2025-03-17,165.02999877929688,166.3000030517578,163.6699981689453,164.2899932861328,31184300,GOOGL
2025-03-18,163.67999267578125,164.25,156.72000122070312,160.6699981689453,42074800,GOOGL
2025-03-19,161.75999450683594,165.8699951171875,161.0,163.88999938964844,34275600,GOOGL
2025-03-20,161.57000732421875,164.88999938964844,160.9600067138672,162.8000030517578,28138500,GOOGL
2025-03-21,161.2100067138672,164.24000549316406,160.88999938964844,163.99000549316406,36625800,GOOGL
2025-03-24,167.07000732421875,168.32000732421875,165.13999938964844,167.67999267578125,30879100,GOOGL
2025-03-25,168.97999572753906,170.6300048828125,168.32000732421875,170.55999755859375,24174400,GOOGL
2025-03-26,169.0,169.61000061035156,164.83999633789062,165.05999755859375,28901600,GOOGL
2025-03-27,164.6300048828125,165.4199981689453,162.0,162.24000549316406,24508300,GOOGL
2025-03-28,160.49000549316406,161.82000732421875,153.6300048828125,154.3300018310547,48669300,GOOGL
2025-03-31,153.11000061035156,155.5399932861328,150.66000366210938,154.63999938964844,54603500,GOOGL
2025-04-01,153.6199951171875,158.10000610351562,153.6199951171875,157.07000732421875,30672900,GOOGL
2025-04-02,155.14999389648438,158.41000366210938,154.6999969482422,157.0399932861328,25041700,GOOGL
2025-04-03,151.11000061035156,152.77999877929688,150.38999938964844,150.72000122070312,46883400,GOOGL
2025-04-04,148.00999450683594,151.07000732421875,145.3800048828125,145.60000610351562,62259500,GOOGL
2025-04-07,141.5500030517578,152.85000610351562,140.52999877929688,146.75,76794100,GOOGL
2025-04-08,151.22000122070312,152.24000549316406,143.02999877929688,144.6999969482422,52200200,GOOGL
2025-04-09,144.4199981689453,159.5500030517578,143.91000366210938,158.7100067138672,70406200,GOOGL
2025-04-10,156.5399932861328,157.72000122070312,149.92999267578125,152.82000732421875,48022000,GOOGL
2025-04-11,152.89999389648438,157.6699981689453,152.82000732421875,157.13999938964844,33636200,GOOGL
2025-04-14,160.0,161.72000122070312,157.55999755859375,159.07000732421875,30333000,GOOGL
2025-04-15,159.1300048828125,159.64999389648438,155.2100067138672,156.30999755859375,27551500,GOOGL
2025-04-16,153.10000610351562,155.88999938964844,151.50999450683594,153.3300018310547,28187400,GOOGL
2025-04-17,154.2899932861328,154.67999267578125,148.5,151.16000366210938,33046600,GOOGL
2025-04-21,148.8800048828125,148.9499969482422,146.10000610351562,147.6699981689453,26049100,GOOGL
2025-04-22,148.88999938964844,152.19000244140625,148.5399932861328,151.47000122070312,26971800,GOOGL
2025-04-23,155.61000061035156,157.52999877929688,153.80999755859375,155.35000610351562,31128800,GOOGL
2025-04-24,156.14999389648438,159.58999633789062,155.7899932861328,159.27999877929688,45894000,GOOGL
2025-04-25,165.07000732421875,166.10000610351562,161.0399932861328,161.9600067138672,56034000,GOOGL
2025-04-28,162.42999267578125,163.14999389648438,158.60000610351562,160.61000061035156,29745800,GOOGL
2025-04-29,160.32000732421875,160.74000549316406,157.52000427246094,160.16000366210938,26809000,GOOGL
2025-04-30,157.97999572753906,159.27000427246094,155.39999389648438,158.8000030517578,34981100,GOOGL
2025-05-01,160.4499969482422,161.9499969482422,158.91000366210938,161.3000030517578,30203200,GOOGL
2025-05-02,163.41000366210938,164.97000122070312,161.8699951171875,164.02999877929688,25715000,GOOGL
2025-05-05,163.0,165.38999938964844,162.72000122070312,164.2100067138672,21341800,GOOGL
2025-05-06,162.1699981689453,164.8000030517578,161.19000244140625,163.22999572753906,21277200,GOOGL
2025-05-07,164.0800018310547,165.0,147.83999633789062,151.3800048828125,127490100,GOOGL
2025-05-08,155.0,155.92999267578125,152.89999389648438,154.27999877929688,57498700,GOOGL
2025-05-09,154.1699981689453,155.0500030517578,152.1999969482422,152.75,32435300,GOOGL
2025-05-12,157.49000549316406,159.10000610351562,156.25,158.4600067138672,44138800,GOOGL
2025-05-13,158.7899932861328,160.57000732421875,156.16000366210938,159.52999877929688,42382100,GOOGL
2025-05-14,159.9600067138672,167.0,159.61000061035156,165.3699951171875,48755900,GOOGL
2025-05-15,165.83999633789062,166.2100067138672,162.3699951171875,163.9600067138672,33146700,GOOGL
2025-05-16,167.72999572753906,169.35000610351562,165.6199951171875,166.19000244140625,42846900,GOOGL
2025-05-19,164.50999450683594,166.63999938964844,164.22000122070312,166.5399932861328,30426100,GOOGL
2025-05-20,166.42999267578125,168.5,162.89999389648438,163.97999572753906,46607700,GOOGL
2025-05-21,163.69000244140625,173.13999938964844,163.55999755859375,168.55999755859375,73416000,GOOGL
2025-05-22,171.85000610351562,176.77000427246094,170.7100067138672,170.8699951171875,74864400,GOOGL
2025-05-23,169.05999755859375,169.9600067138672,167.88999938964844,168.47000122070312,35211400,GOOGL
2025-05-27,170.16000366210938,173.1699981689453,170.0,172.89999389648438,37995700,GOOGL
2025-05-28,173.16000366210938,175.27000427246094,171.91000366210938,172.36000061035156,34784000,GOOGL
2025-05-29,174.0,174.4199981689453,170.6300048828125,171.86000061035156,29317300,GOOGL
2025-05-30,171.35000610351562,172.2100067138672,167.44000244140625,171.74000549316406,52639900,GOOGL
2025-06-02,167.83999633789062,169.8699951171875,167.38999938964844,169.02999877929688,38612300,GOOGL
2025-06-03,167.49000549316406,168.47999572753906,165.27999877929688,166.17999267578125,45084900,GOOGL
2025-06-04,166.74000549316406,168.22000122070312,166.36000061035156,168.0500030517578,26900800,GOOGL
2025-06-05,170.33999633789062,170.92999267578125,167.58999633789062,168.2100067138672,36379100,GOOGL
2025-06-06,170.8300018310547,174.5,170.8300018310547,173.67999267578125,35731800,GOOGL
2025-06-09,174.5399932861328,176.47000122070312,174.3699951171875,176.08999633789062,28935900,GOOGL
2025-06-10,176.1999969482422,181.11000061035156,174.91000366210938,178.60000610351562,61766100,GOOGL
2025-06-11,179.77000427246094,180.3699951171875,176.75,177.35000610351562,31646800,GOOGL
2025-06-12,176.17999267578125,176.72000122070312,174.75,175.6999969482422,20941900,GOOGL
2025-06-13,172.44000244140625,177.1300048828125,172.38999938964844,174.6699981689453,27663100,GOOGL
2025-06-16,174.72999572753906,176.94000244140625,174.64999389648438,176.77000427246094,27389200,GOOGL
2025-06-17,175.6999969482422,177.36000061035156,174.5800018310547,175.9499969482422,24973000,GOOGL
2025-06-18,176.00999450683594,176.55999755859375,173.1999969482422,173.32000732421875,28707500,GOOGL
2025-06-20,173.9499969482422,174.33999633789062,165.4600067138672,166.63999938964844,75659900,GOOGL
2025-06-23,166.27000427246094,167.33999633789062,162.0,165.19000244140625,57671000,GOOGL
2025-06-24,166.9199981689453,168.22000122070312,166.1300048828125,166.77000427246094,40524300,GOOGL
2025-06-25,167.6300048828125,172.36000061035156,167.5500030517578,170.67999267578125,35479000,GOOGL
2025-06-26,172.42999267578125,173.69000244140625,169.94000244140625,173.5399932861328,31796700,GOOGL
2025-06-27,173.5399932861328,178.67999267578125,171.72999572753906,178.52999877929688,108140200,GOOGL
2025-06-30,180.77999877929688,181.22999572753906,174.5800018310547,176.22999572753906,63378900,GOOGL
2025-07-01,175.74000549316406,176.08999633789062,173.52999877929688,175.83999633789062,35904500,GOOGL
2025-07-02,175.5399932861328,178.86000061035156,175.07000732421875,178.63999938964844,29128900,GOOGL
2025-07-03,178.5,179.6699981689453,177.0500030517578,179.52999877929688,21689700,GOOGL
2025-07-07,179.05999755859375,179.3000030517578,175.67999267578125,176.7899932861328,34175600,GOOGL
2025-07-08,177.85000610351562,177.9499969482422,172.80999755859375,174.36000061035156,40442500,GOOGL
2025-07-09,175.25,179.44000244140625,172.77000427246094,176.6199951171875,43025600,GOOGL
2025-07-10,175.6300048828125,178.42999267578125,174.3800048828125,177.6199951171875,29252400,GOOGL
2025-07-11,176.7899932861328,181.42999267578125,176.47999572753906,180.19000244140625,34282900,GOOGL
2025-07-14,181.00999450683594,183.6699981689453,179.67999267578125,181.55999755859375,32536600,GOOGL
2025-07-15,182.80999755859375,184.22000122070312,181.60000610351562,182.0,33448300,GOOGL
2025-07-16,183.24000549316406,184.3300018310547,182.02999877929688,182.97000122070312,33104200,GOOGL
2025-07-17,182.13999938964844,184.05999755859375,180.47999572753906,183.5800018310547,31992600,GOOGL
2025-07-18,185.39999389648438,186.4199981689453,183.7100067138672,185.05999755859375,34014500,GOOGL
2025-07-21,186.25,190.2899932861328,186.14999389648438,190.10000610351562,45803100,GOOGL
2025-07-22,191.5,191.64999389648438,187.4600067138672,191.33999633789062,44660200,GOOGL
2025-07-23,191.5,192.52999877929688,189.17999267578125,190.22999572753906,58681900,GOOGL
2025-07-24,197.02999877929688,197.9499969482422,191.0,192.1699981689453,74881700,GOOGL
2025-07-25,191.97999572753906,194.3300018310547,191.25999450683594,193.17999267578125,39785900,GOOGL
2025-07-28,193.64999389648438,194.0500030517578,190.83999633789062,192.5800018310547,38139500,GOOGL
2025-07-29,192.42999267578125,195.9199981689453,192.0800018310547,195.75,41389200,GOOGL
2025-07-30,195.60000610351562,197.60000610351562,194.69000244140625,196.52999877929688,32445400,GOOGL
2025-07-31,195.7100067138672,195.99000549316406,191.08999633789062,191.89999389648438,51329200,GOOGL
2025-08-01,189.02999877929688,190.8300018310547,187.82000732421875,189.1300048828125,34832200,GOOGL
2025-08-04,190.2899932861328,195.27000427246094,190.1199951171875,195.0399932861328,31547400,GOOGL
2025-08-05,194.7100067138672,197.86000061035156,193.88999938964844,194.6699981689453,31602300,GOOGL
2025-08-06,194.5,196.6300048828125,193.6699981689453,196.08999633789062,21562900,GOOGL
2025-08-07,197.05999755859375,197.5399932861328,194.3300018310547,196.52000427246094,26321800,GOOGL
2025-08-08,197.22000122070312,202.61000061035156,197.1699981689453,201.4199981689453,39161800,GOOGL
2025-08-11,200.94000244140625,201.47999572753906,199.07000732421875,201.0,25832400,GOOGL
2025-08-12,201.3699951171875,204.5,200.58999633789062,203.33999633789062,30397900,GOOGL
2025-08-13,204.1300048828125,204.52999877929688,197.50999450683594,201.9600067138672,28342900,GOOGL
2025-08-14,201.5,204.44000244140625,201.22999572753906,202.94000244140625,25230400,GOOGL
2025-08-15,203.85000610351562,206.44000244140625,201.27999877929688,203.89999389648438,34931400,GOOGL
2025-08-18,204.1999969482422,205.27000427246094,202.49000549316406,203.5,18526600,GOOGL
2025-08-19,203.02999877929688,203.44000244140625,199.9600067138672,201.57000732421875,24240200,GOOGL
2025-08-20,200.72999572753906,201.27999877929688,196.60000610351562,199.32000732421875,28955500,GOOGL
2025-08-21,199.75,202.47999572753906,199.42999267578125,199.75,19774600,GOOGL
2025-08-22,202.72999572753906,208.5399932861328,201.3000030517578,206.08999633789062,42827000,GOOGL
2025-08-25,206.42999267578125,210.52000427246094,205.27999877929688,208.49000549316406,29928900,GOOGL
2025-08-26,207.50999450683594,207.85000610351562,205.6999969482422,207.13999938964844,28464100,GOOGL
2025-08-27,205.6999969482422,208.91000366210938,205.64999389648438,207.47999572753906,23022900,GOOGL
2025-08-28,207.25,212.22000122070312,206.89999389648438,211.63999938964844,32339300,GOOGL
2025-08-29,210.50999450683594,214.64999389648438,210.1999969482422,212.91000366210938,39728400,GOOGL
2025-09-02,208.44000244140625,211.67999267578125,206.1999969482422,211.35000610351562,47523000,GOOGL
2025-09-03,226.2100067138672,231.30999755859375,224.7899932861328,230.66000366210938,103336100,GOOGL
2025-09-04,229.64999389648438,232.3699951171875,226.11000061035156,232.3000030517578,51684200,GOOGL
2025-09-05,232.1999969482422,235.75999450683594,231.89999389648438,235.0,46588900,GOOGL
2025-09-08,235.47000122070312,238.1300048828125,233.6699981689453,234.0399932861328,32474700,GOOGL
2025-09-09,234.1699981689453,240.47000122070312,233.22999572753906,239.6300048828125,38061000,GOOGL
2025-09-10,238.89999389648438,241.66000366210938,237.85000610351562,239.1699981689453,35141100,GOOGL
2025-09-11,239.8800048828125,242.25,236.25,240.3699951171875,30599300,GOOGL
2025-09-12,240.3699951171875,242.0800018310547,238.0,240.8000030517578,26771600,GOOGL
2025-09-15,244.66000366210938,252.41000366210938,244.66000366210938,251.61000061035156,58383800,GOOGL
2025-09-16,252.0800018310547,253.0399932861328,249.47000122070312,251.16000366210938,34109700,GOOGL
2025-09-17,251.22000122070312,251.60000610351562,246.27999877929688,249.52999877929688,34108000,GOOGL
2025-09-18,251.67999267578125,253.99000549316406,249.8000030517578,252.02999877929688,31239500,GOOGL
2025-09-19,253.25,256.0,251.80999755859375,254.72000122070312,55571400,GOOGL
2025-09-22,254.42999267578125,255.77999877929688,250.3000030517578,252.52999877929688,32290500,GOOGL
2025-09-23,253.0399932861328,254.36000061035156,250.47999572753906,251.66000366210938,26628000,GOOGL
2025-09-24,251.66000366210938,252.35000610351562,246.44000244140625,247.13999938964844,28201000,GOOGL
2025-09-25,244.39999389648438,246.49000549316406,240.74000549316406,245.7899932861328,31020400,GOOGL
2025-09-26,247.07000732421875,249.4199981689453,245.97000122070312,246.5399932861328,18503200,GOOGL
2025-09-29,247.85000610351562,251.14999389648438,242.77000427246094,244.0500030517578,32505800,GOOGL
2025-09-30,242.80999755859375,243.2899932861328,239.25,243.10000610351562,34724300,GOOGL
2025-10-01,240.75,246.3000030517578,238.61000061035156,244.89999389648438,31658200,GOOGL
2025-10-02,245.14999389648438,246.80999755859375,242.3000030517578,245.69000244140625,25483300,GOOGL
2025-10-03,244.49000549316406,246.3000030517578,241.66000366210938,245.35000610351562,30249600,GOOGL
2025-10-06,244.77999877929688,251.32000732421875,244.5800018310547,250.42999267578125,28894700,GOOGL
2025-10-07,248.27000427246094,250.44000244140625,245.52000427246094,245.75999450683594,23181300,GOOGL
2025-10-08,244.9600067138672,246.00999450683594,243.82000732421875,244.6199951171875,21307100,GOOGL
2025-10-09,244.47000122070312,244.75999450683594,239.14999389648438,241.52999877929688,27892100,GOOGL
2025-10-10,241.42999267578125,244.08999633789062,235.83999633789062,236.57000732421875,33180300,GOOGL
2025-10-13,240.2100067138672,244.5,239.7100067138672,244.14999389648438,24995000,GOOGL
2025-10-14,241.22999572753906,247.1199951171875,240.50999450683594,245.4499969482422,22111600,GOOGL
2025-10-15,247.25,252.11000061035156,245.99000549316406,251.02999877929688,27007700,GOOGL
2025-10-16,251.77000427246094,256.9599914550781,250.10000610351562,251.4600067138672,27997200,GOOGL
2025-10-17,250.75999450683594,254.22000122070312,247.80999755859375,253.3000030517578,29671600,GOOGL
2025-10-20,254.69000244140625,257.3299865722656,254.22999572753906,256.54998779296875,22350200,GOOGL
2025-10-21,254.74000549316406,254.8800048828125,244.14999389648438,250.4600067138672,47312100,GOOGL
2025-10-22,254.3699951171875,256.3599853515625,249.2899932861328,251.69000244140625,35029400,GOOGL
2025-10-23,252.97999572753906,255.0399932861328,251.85000610351562,253.0800018310547,19901400,GOOGL
2025-10-24,256.5799865722656,261.67999267578125,255.32000732421875,259.9200134277344,28655100,GOOGL
2025-10-27,264.82000732421875,270.1400146484375,264.2799987792969,269.2699890136719,35235200,GOOGL
2025-10-28,269.69000244140625,270.7300109863281,266.5,267.4700012207031,29738600,GOOGL
2025-10-29,267.75,275.3399963378906,267.6700134277344,274.57000732421875,43580300,GOOGL
2025-10-30,291.5899963378906,291.5899963378906,280.05999755859375,281.4800109863281,74876000,GOOGL
2025-10-31,283.2099914550781,286.0,277.0299987792969,281.19000244140625,39267900,GOOGL
2025-11-03,282.17999267578125,285.5299987792969,279.79998779296875,283.7200012207031,29786000,GOOGL
2025-11-04,276.75,281.2699890136719,276.260009765625,277.5400085449219,30078400,GOOGL
2025-11-05,278.8699951171875,286.4200134277344,277.3399963378906,284.30999755859375,31010300,GOOGL
2025-11-06,285.3299865722656,288.3500061035156,281.1400146484375,284.75,37173600,GOOGL
2025-11-07,283.2099914550781,283.7799987792969,275.19000244140625,278.8299865722656,34479600,GOOGL
2025-11-10,284.4200134277344,290.79998779296875,282.8599853515625,290.1000061035156,29557300,GOOGL
2025-11-11,287.75,291.9200134277344,287.32000732421875,291.30999755859375,19842100,GOOGL
2025-11-12,291.67999267578125,292.010009765625,283.69000244140625,286.7099914550781,24829900,GOOGL
2025-11-13,282.3399963378906,282.8399963378906,277.239990234375,278.57000732421875,29494000,GOOGL
2025-11-14,271.4100036621094,278.55999755859375,270.70001220703125,276.4100036621094,31647200,GOOGL
2025-11-17,285.7799987792969,293.95001220703125,283.57000732421875,285.0199890136719,52670200,GOOGL
2025-11-18,287.9200134277344,288.79998779296875,278.20001220703125,284.2799987792969,49158700,GOOGL
2025-11-19,287.1600036621094,303.80999755859375,286.6300048828125,292.80999755859375,68198900,GOOGL
2025-11-20,304.5400085449219,306.4200134277344,288.6700134277344,289.45001220703125,62025200,GOOGL
2025-11-21,296.4200134277344,303.9200134277344,293.8500061035156,299.6600036621094,74137700,GOOGL
2025-11-24,311.1300048828125,319.4800109863281,309.6000061035156,318.5799865722656,85165100,GOOGL
2025-11-25,326.2099914550781,328.8299865722656,317.6499938964844,323.44000244140625,88632100,GOOGL
2025-11-26,320.67999267578125,324.5,316.7900085449219,319.95001220703125,51373400,GOOGL
2025-11-28,323.3699951171875,326.8500061035156,316.7900085449219,320.17999267578125,26018600,GOOGL
2025-12-01,317.70001220703125,319.8500061035156,313.8900146484375,314.8900146484375,41183000,GOOGL
2025-12-02,316.739990234375,318.3800048828125,313.9100036621094,315.80999755859375,35854700,GOOGL
2025-12-03,315.8900146484375,321.5799865722656,314.1000061035156,319.6300048828125,41838300,GOOGL
2025-12-04,322.2300109863281,322.3599853515625,314.70001220703125,317.6199951171875,31240900,GOOGL
2025-12-05,319.489990234375,323.1600036621094,319.1700134277344,321.2699890136719,28851700,GOOGL
2025-12-08,320.04998779296875,320.44000244140625,311.2200012207031,313.7200012207031,33909400,GOOGL
2025-12-09,312.3699951171875,317.989990234375,311.8999938964844,317.0799865722656,30194000,GOOGL
2025-12-10,315.8299865722656,321.30999755859375,314.67999267578125,320.2099914550781,33428900,GOOGL
2025-12-11,320.0799865722656,321.1199951171875,308.6000061035156,312.42999267578125,42353700,GOOGL
2025-12-12,313.70001220703125,314.8699951171875,305.55999755859375,309.2900085449219,35940200,GOOGL
2025-12-15,311.32000732421875,311.4200134277344,304.8800048828125,308.2200012207031,29151900,GOOGL
2025-12-16,304.95001220703125,310.7699890136719,302.5899963378906,306.57000732421875,30585000,GOOGL
2025-12-17,308.010009765625,308.0899963378906,296.1199951171875,296.7200012207031,43930400,GOOGL
2025-12-18,301.7200012207031,303.9599914550781,299.2300109863281,302.4599914550781,33518000,GOOGL
2025-12-19,301.7300109863281,307.25,300.9700012207031,307.1600036621094,59943200,GOOGL
2025-12-22,309.8800048828125,310.1300048828125,305.29998779296875,309.7799987792969,26429900,GOOGL
2025-12-23,309.6300048828125,314.94000244140625,309.32000732421875,314.3500061035156,25478700,GOOGL
2025-12-24,314.7699890136719,315.0799865722656,311.9200134277344,314.0899963378906,10097400,GOOGL
2025-12-26,314.4800109863281,315.0899963378906,312.2799987792969,313.510009765625,10899000,GOOGL
2025-12-29,311.3699951171875,314.0199890136719,310.6199951171875,313.55999755859375,19621800,GOOGL
2025-12-30,312.5,316.95001220703125,312.4599914550781,313.8500061035156,17380900,GOOGL
2025-12-31,312.8500061035156,314.5799865722656,311.44000244140625,313.0,16377700,GOOGL
2026-01-02,316.8999938964844,322.5,310.3299865722656,315.1499938964844,32009400,GOOGL
2026-01-05,317.6600036621094,319.0199890136719,314.6300048828125,316.5400085449219,30195600,GOOGL
2026-01-06,316.3999938964844,320.94000244140625,311.7799987792969,314.3399963378906,31212100,GOOGL
2026-01-07,314.3599853515625,326.1499938964844,314.19000244140625,321.9800109863281,35104400,GOOGL
2026-01-08,328.9700012207031,330.32000732421875,321.5,325.44000244140625,31896100,GOOGL
2026-01-09,327.0899963378906,330.8299865722656,325.79998779296875,328.57000732421875,26214200,GOOGL
2026-01-12,325.79998779296875,334.0400085449219,325.0,331.8599853515625,33923900,GOOGL
2026-01-13,334.95001220703125,340.489990234375,333.6199951171875,335.9700012207031,33517600,GOOGL
2026-01-14,335.05999755859375,336.5199890136719,330.4800109863281,335.8399963378906,28525600,GOOGL
2026-01-15,337.6499938964844,337.69000244140625,330.739990234375,332.7799987792969,28442400,GOOGL
2026-01-16,334.4100036621094,334.6499938964844,327.70001220703125,330.0,40341600,GOOGL
2026-01-20,320.8699951171875,327.7300109863281,320.42999267578125,322.0,35361000,GOOGL
2026-01-21,320.9200134277344,332.4800109863281,319.3500061035156,328.3800048828125,35386600,GOOGL
2026-01-22,334.45001220703125,335.1499938964844,328.75,330.5400085449219,26253600,GOOGL
2026-01-23,332.489990234375,333.69000244140625,327.45001220703125,327.92999267578125,27280000,GOOGL
2026-01-26,327.80999755859375,335.8399963378906,327.0,333.260009765625,26042100,GOOGL
2026-01-27,335.3699951171875,337.9100036621094,333.4800109863281,334.54998779296875,21636200,GOOGL
2026-01-28,336.05999755859375,337.5400085449219,331.94000244140625,336.010009765625,27434400,GOOGL
2026-01-29,340.29998779296875,342.2900085449219,326.5400085449219,338.25,39785600,GOOGL
2026-01-30,340.0,340.0,332.2900085449219,338.0,31024000,GOOGL
2026-02-02,336.2200012207031,344.8299865722656,335.6300048828125,343.69000244140625,32006100,GOOGL
2026-02-03,347.3399963378906,349.0,337.4700012207031,339.7099914550781,36506700,GOOGL
2026-02-04,342.9599914550781,343.30999755859375,328.5199890136719,333.0400085449219,70618400,GOOGL
2026-02-05,312.2200012207031,332.69000244140625,306.4599914550781,331.25,88205800,GOOGL
2026-02-06,327.17999267578125,330.3800048828125,319.9200134277344,322.8599853515625,56380500,GOOGL
2026-02-09,320.92999267578125,327.70001220703125,317.260009765625,324.32000732421875,39640100,GOOGL
2026-02-10,320.9700012207031,321.6700134277344,314.6099853515625,318.5799865722656,39170000,GOOGL
2026-02-11,318.9700012207031,321.05999755859375,309.6600036621094,310.9599914550781,45406400,GOOGL
2026-02-12,312.0899963378906,316.239990234375,307.20001220703125,309.0,47761300,GOOGL
2026-02-13,307.7300109863281,308.6300048828125,303.7099914550781,305.7200012207031,38499700,GOOGL
2026-02-17,300.0400085449219,304.44000244140625,296.25,302.0199890136719,39247600,GOOGL
2026-02-18,302.0899963378906,305.3800048828125,301.25,303.3299865722656,28482100,GOOGL
2026-02-19,301.82000732421875,305.4700012207031,300.0400085449219,302.8500061035156,25834400,GOOGL
2026-02-20,304.32000732421875,316.5,303.8999938964844,314.9800109863281,53210800,GOOGL
2026-02-23,319.04998779296875,319.5199890136719,309.8699951171875,311.489990234375,31423000,GOOGL
2026-02-24,310.5199890136719,312.2699890136719,305.92999267578125,310.8999938964844,25615600,GOOGL
2026-02-25,312.05999755859375,313.6400146484375,309.44000244140625,312.8999938964844,29963600,GOOGL
2026-02-26,312.6400146484375,313.1400146484375,302.3500061035156,307.3800048828125,36431200,GOOGL
2026-02-27,304.1400146484375,312.3699951171875,303.79998779296875,311.760009765625,44640600,GOOGL
2026-03-02,303.2300109863281,308.489990234375,301.29998779296875,306.5199890136719,34790200,GOOGL
2026-03-03,298.5899963378906,303.94000244140625,296.7099914550781,303.5799865722656,35497000,GOOGL
2026-03-04,302.8900146484375,305.4700012207031,300.75,303.1300048828125,29536200,GOOGL
2026-03-05,303.0400085449219,303.29998779296875,297.989990234375,300.8800048828125,35752300,GOOGL
2026-03-06,296.0899963378906,300.5299987792969,295.17999267578125,298.5199890136719,25576900,GOOGL
2026-03-09,294.3599853515625,306.79998779296875,294.0799865722656,306.3599853515625,29263400,GOOGL
